nombre_completo,score
April Gonzalez,100.0%
Colton Collins,100.0%
Joseph Yang,100.0%
Michelle Logan,100.0%
Mary Pollard,100.0%
Gail Harris,100.0%
Lauren Fletcher,100.0%
Alan Liu,100.0%
Douglas Williams,100.0%
Daniel Smith,100.0%
Christopher Jensen,100.0%
Haley Rodriguez,100.0%
Alexis Cox,100.0%
Deborah Davis,100.0%
Brenda Reynolds,100.0%
Paul Nash,100.0%
Steven Parsons,100.0%
Adrian Richards,100.0%
Kristin Hall,100.0%
Gerald Brown,100.0%
Susan Freeman,100.0%
Gary Thornton,100.0%
Joyce Bailey,100.0%
Allison Hill,100.0%
Daniel Smith,100.0%
Jamie Miller,100.0%
Kimberly Johnson,100.0%
Elizabeth Smith,100.0%
Shelly Estes,100.0%
Jacob Williams,100.0%
Roberto Chang,100.0%
Karen Smith,100.0%
Anthony Hernandez,100.0%
Breanna Watts,100.0%
Nicholas Marshall,100.0%
Christopher Bowen,100.0%
Nicole Thompson,100.0%
Anna Russell,100.0%
Donna King,100.0%
Denise Byrd,100.0%
Michael Robinson,100.0%
Daniel Harrison,100.0%
Jason Sellers,100.0%
Stephanie Torres,100.0%
Kristin Randall,100.0%
Bradley Nguyen,100.0%
Lance Rice,100.0%
Paul Perkins,100.0%
